Name, Type, Id, Lon, Lat
Црква „Св. Петар“, null, 2091020745, 40.8698346, 20.9882604
Црква „Св. Димитриј“, null, 2091020751, 40.8686837, 20.988398
Црква Свети Никола - Геракомија, null, 2752601831, 41.1122949, 20.7947761
Теодор Тирон, null, 2574272024, 42.1760396, 22.2929614
Manastir Sveta petka, null, 3660971795, 41.0518754, 21.1673647
Свети Илија, null, 1900107130, 41.985899, 21.4580119
Св. Климент Охридски, null, 3696061336, 41.9669918, 22.7779676
Св. Наум, null, 3696061335, 41.9641339, 22.7747523
Св. Спас, null, 7613439714, 41.3035512, 21.56742
Св. Никола, null, 8357338334, 41.1656297, 21.7266086
Св. Богородица, null, 1999950879, 41.4091983, 22.2367525
Galerija RA, null, 7102244287, 41.9989569, 21.3865879
Св. Троица, null, 3448446754, 41.4516647, 21.3732901
Museum of Wine, null, 1999950866, 41.4085959, 22.2447656
Св. Јован Крстител, null, 5370629108, 41.3664299, 21.5984546
Muftinia e Kërçovës, null, 10077537272, 41.5160132, 20.9641748
Св. Недела, null, 446299959, 41.0407027, 21.3489261
св. Петка, null, 4016402507, 41.3779361, 22.392733
Св. Георгиј, null, 8301185939, 41.3703748, 21.7388573
Halit Efendi Mosque, null, 7791955595, 42.175142, 21.6267867
Св. Никола, null, 7817842296, 41.2846407, 21.0919176
Св. Никола, null, 4406404147, 41.0514202, 21.3246067
Црква Свети Никола - Аеродром, null, 4811606876, 41.9837758, 21.471558
Џамија - Султан Фатих Мехмет II, null, 3695758775, 41.965457, 22.7692342
Св. Кирил и Методиј, null, 9080852687, 42.0664938, 21.0276019
4 Halifët, null, 10077532395, 41.5204992, 20.951301
Bela Kula, null, 10077532396, 41.5186764, 20.9627469
Црква Св. Атанасиј, null, 4072132469, 40.9233256, 21.4576834
Св. Константин и Елена, null, 3391814723, 41.3515093, 21.5636088
Загорански Манастир, null, 7557484740, 41.2600128, 21.4243832
Музеј на НОВ, null, 2268460395, 41.3757107, 21.2457177
Xhamia e Vogël, null, 4722856298, 42.0085197, 21.4387758
Св. Петка, null, 8174375230, 41.0373204, 21.0743396
Залив на Коските, null, 2272386886, 40.9946609, 20.7979124
Kınalı Camii, null, 4072132474, 40.9249064, 21.4611196
Св. Јован Крстител, null, 420449652, 41.6212572, 20.6092921
Манастир Св. Арханѓел Гаврил, null, 9588923646, 41.8849904, 21.5836619
Sv. Krstovden, null, 1734402559, 42.0516811, 21.3110834
Св. Петар и Павле, null, 2323269054, 42.0092594, 21.3618767
Џамија Дуди Ханум, null, 7940160959, 41.9243878, 22.4100945
Успение на Пресвета Богородица, null, 10906089678, 41.5300004, 20.5276097
Св. Димитриј Солунски, null, 7961219816, 41.3290977, 20.6007111
Св. Архангел Михаил, null, 1272929082, 41.8821196, 22.5054658
Св. Георгиј, null, 7707234829, 41.3404832, 21.126402
Св. Јован Крстител, null, 3694794582, 41.967676, 22.8076575
Манастир Св. Илија, null, 2333019844, 42.1299955, 21.3872656
Св. Јован Крстител, null, 8176889958, 41.009273, 21.0103307
Manastir Svetog Ilije, null, 9903663737, 41.1334664, 20.8473582
Црква Св. Теодор Тирон, null, 10589011419, 42.0514058, 21.1147007
Св. Архангел Михаил, null, 8349641690, 41.0429752, 21.3313209
Sveta Nedela, null, 5020280587, 41.949721, 21.2914987
Св. Меркуриј, null, 4137761453, 40.9522863, 21.3504051
Св.Пантелејмон, null, 3786106917, 41.6167785, 22.3168135
Св. Димитриј Солунски, null, 2192990328, 41.3893465, 21.6425531
Манастир Св. Леонтиј, null, 3263474161, 41.4505759, 22.5902413
Св. Стефан, null, 2051569337, 41.0738678, 20.8043628
Свети Апостол и евангелист Лука, null, 10174642572, 41.8846784, 22.5128835
Свети Апостол и евангелист Лука, null, 10174642560, 41.8847091, 22.512826
Св. Јован Крстител, null, 2293747610, 41.4614467, 21.5704026
Тулбе, null, 3777376436, 41.5086632, 21.2149659
Воскресение Христово, null, 8356057916, 41.2958797, 21.4984804
Св. Димитриј Солунски, null, 8301080080, 41.3571125, 21.7711139
Св. Павле, null, 5541156777, 41.8845362, 22.5049966
Свети Архангел Михаил, null, 7772379841, 40.9743152, 21.0581285
Света Богородица Болничка, null, 3103392644, 41.1123109, 20.7972324
Покров на Пресвета Богородица, null, 4083243742, 41.322145, 21.5609366
Св. Троица, null, 8280712645, 41.9582721, 21.5410936
Св. Троица, null, 8280712641, 41.9576983, 21.5402377
Св. Симеон Столпник, null, 2562687515, 42.0143848, 22.4743204
Бегов амам, null, 4430657931, 42.0061214, 20.967434
Св. Никола, null, 8232073100, 41.3852233, 22.037015
Исак Џамија, null, 457013001, 41.0320321, 21.334224
Св. Атанасиј Велики, null, 446094520, 41.9221786, 22.4468081
Св. Никола, null, 6496452597, 40.9142772, 20.9879202
Muzeu "Dëshmorët e kombit", null, 7791955601, 42.1794755, 21.6202074
Археолошки музеј на Македонија, null, 2384661789, 41.9970517, 21.4340186
Црква "Свети Ѓорѓија", null, 2725596626, 41.81856, 20.8767101
Св. Кирил и Методиј, null, 1824158683, 41.0917518, 21.009203
Св. Троица, null, 7628491446, 41.5180617, 21.9452729
En-Nur Mosque, null, 6644110383, 41.9735125, 21.2387012
Рождество на Пресвета Богородица, null, 4821092853, 41.3331889, 21.4617918
Св. Никола, null, 7536994809, 41.2962236, 21.4874824
Музеј Галерија Кавадарци, null, 529811458, 41.4343634, 22.0163228
St. John Kaneo, null, 10979418774, 41.1111362, 20.7886924
House of Lambeski, null, 9945894317, 41.1123275, 20.7970433
SV Petka, null, 6681594945, 41.9211974, 21.7619473
Македониум, null, 2268544543, 41.3775293, 21.248402
Манастир Св. Илија, null, 5308964546, 41.9765636, 22.821134
Св. Атанасиј, null, 8354907380, 41.4342162, 21.5973618
Манастир Св. Никола, null, 2016289389, 41.3831513, 22.2878614
Св. Богородица, null, 513836478, 41.963915, 22.7749405
Св. Петар и Св. Павле, null, 8174375301, 41.0298397, 21.0546688
Св.Никола, null, 4367159071, 41.7364711, 22.1887765
Пресвета Богородица, null, 1850567836, 42.0719506, 21.4487798
Св. Троица, null, 8176930452, 41.2379202, 21.4061134
Св. Злата Мегленска, null, 2324284616, 42.0040936, 21.3328586
Свети Јован Крстител, null, 6275187296, 42.038639, 21.4470962
Св. Спас, null, 8357261577, 41.2643657, 21.518648
Св. Троица, null, 9689680176, 41.3992043, 21.3096079
Св. Георгиј, null, 7512268449, 41.2201693, 21.6861354
Дуњски Манастир II, null, 7512268453, 41.2206561, 21.6863508
Св. Атанасиј, null, 7623493363, 41.3623637, 21.6194965
Успение на Пресвета Богородица, null, 2535151449, 41.4182976, 22.0180718
Св. Атанас, null, 1475331128, 42.0598924, 21.2983618
Св. Никола, null, 10060054922, 41.3374324, 21.2977562
Музеј на град Делчево, null, 3695988841, 41.9664768, 22.7729986
Св. Богородица, null, 4701971554, 42.0120452, 20.9599456
Св. Јован Крстител, null, 1867293179, 41.9930029, 21.4099171
Нова џамија во Теново, null, 3039791647, 41.8922406, 20.9782737
Св. Атанасиј, null, 3413249511, 41.3594263, 21.532549
Св. Архангел Михаил, null, 3413249515, 41.3603981, 21.5343815
Евагелистичка Методистичка Црква, null, 1881071582, 41.9965678, 21.4235502
Св. Архангел Михаил, null, 5115421420, 41.1172494, 20.7948455
Црква „Свети Илија„, null, 5469804185, 41.1827523, 20.7990502
Св. Петка, null, 1475356446, 42.0493212, 21.3388559
Св. Атанас, null, 1475356449, 42.0500064, 21.339328
Св. Спас, null, 1878595364, 41.9946257, 21.5030458
Народен Музеј, null, 7830690526, 41.8649413, 21.9418167
Манастир Св. Петка с. Бродец, null, 6700534386, 41.7638744, 20.6722663
Рождество на Пресвета Богородица, null, 7668777834, 41.2509491, 21.2262288
Црква Свети 40 Севастиски Маченици, null, 5918012582, 41.1130973, 20.7941338
Св. Петка, null, 8442374497, 42.1483664, 21.121456
Св.Петка, null, 2592611970, 41.9289057, 21.5229042
Св. Никола, null, 8359004971, 41.2168233, 21.5047732
Св.Талалеј, null, 4096010414, 42.0252181, 21.5652272
Успение на Пресвета Богородица, null, 8359004991, 41.2169792, 21.5050294
Св. Никита, null, 1734617087, 42.1076532, 21.3799578
Манастир Св. Илија, null, 1939982576, 42.0855955, 21.4093975
Св. Илија, null, 7503100669, 41.2484212, 21.6077266
Православна црква "Свети Илија", null, 7416200113, 41.6444402, 22.4565993
Св. Константин и Елена, null, 10604556726, 42.014885, 21.4508171
Црква „Свети Никола“, null, 7832684462, 41.8662753, 21.9422154
Св. Георгиј, null, 3617056231, 40.9860455, 21.0850433
Св. Троица, null, 5327471601, 41.006774, 21.3415263
Црква Св. Николе, null, 3687056616, 41.6645167, 20.7334014
Св. Богородица Захумска, null, 6649560685, 40.9488827, 20.7743745
Св. Ѓорѓија, null, 2081954168, 42.0243087, 21.6759664
Св. Никола, null, 10604556710, 42.0220621, 21.4402421
Св. Три Светители, null, 10176283839, 41.9900936, 21.4469079
Св. Ѓорѓија, null, 6327921348, 41.3390523, 22.2545875
Црква „Рождество на Пресвета Богородица“, null, 3668592669, 41.9769543, 21.408415
Св. Спас, null, 8412431217, 41.3649933, 20.649378
Св. Петка, null, 8412431221, 41.3627536, 20.6466677
Св. Никола, null, 2483419503, 41.2486746, 21.3947772
Saint Varvara, null, 8259818971, 41.1136648, 20.7938384
Св. Преображение, null, 7626669736, 41.3437815, 21.5567708
Успение на Пресвета Богородица, null, 8174280328, 41.1106907, 21.0021113
Св. Игнатиј Богоносец, null, 8174280333, 41.1108408, 21.0022209
с.в Наум Охридски, null, 1850562883, 42.0550347, 21.4554709
Church, null, 9789628417, 41.9187645, 22.0642612
Св. Никола, null, 4842170821, 41.1249175, 20.8534916
Успение на Пресвета Богородица, null, 10065893609, 41.3347409, 21.2937247
Св. Димитириј Солунски, null, 8354162390, 41.33659, 21.7760619
Auto and etno museum "Filip", null, 10932198705, 41.0748026, 21.3299172
Црква „Св. Великомаченик Георгиј“, null, 2884502205, 41.9783403, 21.496101
Црква „Рождество на Пресвета Богородица“ - Ново Лисиче, null, 2884502204, 41.9858681, 21.4684081
Св. Атанасиј, null, 8410136587, 41.4043406, 21.2934539
Манастир Свети Ѓорѓи - Кнежино, null, 7647533746, 41.5155595, 20.9218714
Манастир Св. Пантелејмон, null, 1375310254, 41.9768504, 21.3743601
Св. Никола, null, 8300994685, 41.2803896, 21.5719641
Св. Архангел Гаврил, null, 529411995, 42.0234766, 21.3427234
Евангелско Методистичка Црква, null, 6875520386, 41.4373198, 22.6353267
Јени Џамија, null, 456922152, 41.0305683, 21.3349842
ana, null, 2494647005, 41.0283462, 21.1143852
Рождество на Пресвета Богородица, null, 4305661408, 41.2591235, 21.5686741
Св. Димитриј, null, 10172299539, 41.4346636, 22.0083623
Света Петка, null, 4281063012, 41.6307512, 21.489222
Xhamia e Cairit, null, 4614651651, 42.0189873, 21.4453585
Храм Св. Троица, null, 6716535885, 41.6748688, 21.3118854
Јаја-пашина џамија, null, 559909598, 42.0076563, 21.4423466
Museum of Galichnik's cultural heritage, null, 5833918548, 41.5939237, 20.652723
Св.Илија, null, 4356214629, 41.1083525, 21.0102717
Чарши Џамија, null, 2292125078, 41.3454049, 21.5553254
Шарена Џамија, null, 2487753159, 42.0058475, 20.9667672
Св. Георгиј, null, 4880204034, 41.428778, 21.6201158
Св. Георгиј, null, 7487442912, 41.2745796, 21.292007
Св. Илија, null, 8358762467, 41.1637547, 21.7812116
Манастир Св. Ѓорѓија, null, 470409981, 42.0690911, 21.3001786
Св. Атанасиј, null, 7958132209, 41.956025, 21.4560926
Св. Атанасиј Велики, null, 7925169061, 41.0083288, 21.3183924
Успение на Пресвета Богородица, null, 8354933402, 41.3253134, 21.5779078
Св. Богородица - Пречиста Кичевска, null, 7700375531, 41.4592577, 20.9352717
Св.Тројца, null, 924623193, 41.6350875, 22.4677492
Xhamia e Madhe, null, 9927116537, 41.8793003, 20.8825289
Света Троица, null, 1714703524, 42.1340954, 21.7209336
Татар Синан Бег џамија, null, 1779771726, 42.1372699, 21.7150461
Св. Богородица, null, 4142644812, 41.3836212, 21.4997455
Nur, null, 11112639804, 41.4666667, 21.1244347
Св. Јован Крстител, null, 10557673742, 41.1554012, 21.3466227
Св. Наум Охридски, null, 8004340971, 41.3371258, 21.5548531
Church, null, 4247659289, 41.8345329, 20.8835803
Иса-бегова џамија, null, 559905942, 42.003259, 21.4415597
Балаклија, null, 7817840084, 41.2384573, 21.1505383
Xhamia Hixhri, null, 9927116505, 41.8758507, 20.8907616
Св. Константин и Св. Елена, null, 10557673794, 41.1610782, 21.3581109
Св. Троица, null, 2162755392, 41.3651221, 21.2530069
Св. Јован Крстител, null, 2328073808, 41.3695959, 21.2493786
Св. Недела, null, 8331454672, 41.3751804, 21.240779
Sv. Mala Bogorodica, null, 470410341, 42.0385762, 21.3307823
Храм Свети Климент Охридски и Света Петка, null, 9851567806, 41.7471137, 22.197736
Св. Димитриј Солунски, null, 8298369005, 41.1656733, 21.787384
Св. Атанас, null, 2388629467, 41.9712482, 21.3100148
Пресвета Богородица, null, 4498195660, 41.980706, 21.0411556
Св. Никола, null, 8360908887, 41.4040434, 21.6686549
Св. Атанасиј, null, 4498195652, 41.9816896, 21.0389549
Св. Никола, null, 7658196408, 41.2978732, 21.0722187
Рождество на Пресвета Богородица, null, 5335586394, 41.4232793, 22.7649772
Св. Георгиј, null, 4330982039, 41.2714183, 21.3902871
Св. Еремија, null, 2334691056, 41.945457, 21.4836224
Св. Јован Крстител, null, 4064759493, 42.0758863, 22.1831257
Св. Илија, null, 2225206233, 41.4296682, 22.6130495
Св. Недела, null, 4252563866, 41.7029956, 21.7879089
Xhamia e Loke, null, 2918287341, 41.8345582, 20.9704884
Манастир „Свети Димитрија“, null, 4252563847, 41.7024974, 21.7912319
Ловен Дом, null, 7926604103, 41.9150435, 22.4138306
Св. Пантелејмон, null, 8355505915, 41.3421633, 21.5633962
Св. Петка, null, 8618211306, 41.3041291, 21.5658633
Laka Mosque, null, 7791937215, 41.9976385, 21.3662793
Манастир Света Петка, null, 4485913838, 41.1291432, 20.8400056
11 Октомври 1941, null, 2189840793, 41.34503, 21.5522424
Taftalidzhe Mosque, null, 7791937227, 42.0030937, 21.3833246
Ali Pasha Mosque, null, 10994717547, 41.1155093, 20.8005313
Света Лидија Македонска, null, 7837191420, 41.8612413, 21.9392363
Gorno Orizari Mosque, null, 7791937205, 41.6858958, 21.7330478
Црква Рождество на Пресвета Богородица и Света Петка, null, 8951302848, 41.1110018, 20.7889594
Св. Кирил и Методиј, null, 10316896332, 41.4343967, 22.6356179
Св. Димитриј Солунски, null, 8354899692, 41.295392, 21.584324
Орта џамија, null, 10316896328, 41.4356416, 22.6348154
Xhamia e Kalishtit, null, 9928886187, 41.8796116, 20.8611374
Св. Спас, null, 8360889347, 41.2547425, 21.6442087
Камена, null, 2360011621, 41.478356, 21.3142734
Св. Преображение, null, 8152015863, 41.5214842, 21.341875
Св. Петар и Св. Павле, null, 8152015867, 41.5211051, 21.3414232
Св. Преображение, null, 7527028574, 41.4082296, 21.2209738
Источен Пештански Манастир, null, 8354375305, 41.2751265, 21.6627614
Света Борогодица Челница, null, 9219801017, 41.1133728, 20.7973177
Presveta Bogorodica, null, 4136930357, 41.0790945, 20.8235095
Св. Петка, null, 8358758273, 41.2708005, 21.7538908
Св. Илија, null, 8354375323, 41.2752803, 21.6614357
Св. Наум Охридски - Чудотворец, null, 332045703, 42.0111578, 20.8825858
Света Богородица Пандонос, null, 5905772566, 41.1151731, 20.7938418
џа́мија, null, 4409589398, 41.8370625, 20.8837497
Св. Илија, null, 7924937263, 40.96275, 21.3522355
Свети Димитрија, null, 7647565545, 41.5212795, 20.9165336
Св. Атанасиј Велики, null, 7924937259, 40.9631686, 21.3494834
Св. Петка, null, 7924937255, 40.9634737, 21.3490314
Св. Ана, null, 7924937251, 40.9639332, 21.3494482
Св. Петар и Св. Павле / Собор на Светите Апостоли, null, 8894708756, 41.0130915, 21.3434531
Чебренски Манастир, null, 3668914370, 41.1330271, 21.6797859
Свети Атанасиј Велики Архиепископ Александриски, null, 5405822023, 41.1161136, 20.8400708
Св. Спас, null, 8280934705, 41.213145, 21.4819648
Црна Џамија, null, 6284797756, 41.710543, 21.7861191
Џамија Хаџи-Дургут, null, 1207216943, 41.1187289, 20.8055843
Црква Рождество на Пресв. Богородица, null, 499973498, 41.706763, 22.8570672
Црква Св.Лидија, null, 10926875205, 41.0259399, 21.3144015
Манастир Св. Архангел Михаил, null, 499973497, 41.701039, 22.859018
Св. Атанасиј, null, 8196873695, 41.2964446, 21.2531167
Св. Василиј, null, 8672400711, 42.0404227, 22.3522117
Св. Илија, null, 7931414473, 41.3253156, 21.5942923
Св. Димитриј Солунски, null, 7931414477, 41.3250765, 21.5939336
Свети Илија, null, 7121648908, 41.1888901, 22.7192011
Св. Петка, null, 7931414469, 41.3254574, 21.5947115
Рождество на Пресвета Богородица, null, 9688458609, 41.5046299, 21.4062403
Св. Теодор Тирон, null, 9633312951, 41.4679544, 21.5435118
Св. Кирил и Методиј, null, 6276085769, 41.7174161, 21.7741163
Рождество на Пресвета Богородица, null, 8360908991, 41.3734687, 21.7988665
Св. Илија, null, 10611754670, 41.0717649, 21.5049435
Св. Димитриј Солунски, null, 457023668, 41.0299598, 21.3340939
1. Бригада, null, 8412381201, 41.3660204, 20.6485817
Çulu Baba Teqe, null, 2026915603, 41.5121875, 20.9617402
Св. Спас, null, 4078672913, 41.1390387, 22.5107982
Св. Недела, null, 8174370055, 41.0554018, 20.9615661
Sv. Nedela-Kuckovo, null, 1734367867, 42.0554906, 21.302308
Султан Муратова џамија, null, 559750910, 42.0016521, 21.4411567
Св. Илија, null, 1864402613, 42.0604971, 21.2958493
Католичка црква Пресвето срце Исусово, null, 459673946, 41.9950932, 21.4176045
Манастир Св. Ѓорѓи, null, 3631617425, 41.6457968, 22.5086272
Св. Димитриј, null, 5566695172, 41.1768618, 20.6717337
Vardarski Rid, null, 9241915460, 41.1488082, 22.5220207
Црква Св. Петка, null, 9120699958, 41.5618318, 21.1908022
Св. Петка, null, 8916677021, 41.0102076, 21.250168
Манастир „Свети Наум“, null, 1896338752, 40.913963, 20.7404962
Св. Димитриј Солунски, null, 8354807488, 41.1991752, 21.5627784
Црква Света Петка, null, 1804963753, 40.9131005, 20.7415162
Св. Никола, null, 7483124254, 41.2902299, 21.5966698
Св. Богородица, null, 1682245737, 41.0656111, 21.1043391
Манастир Св. Богородица Елеуса, null, 3263433907, 41.4748537, 22.5651714
Sulltan Bejazit, null, 2359280251, 41.5145614, 20.9630497
Св. Димитриј Солунски, null, 2197599989, 41.3375634, 21.3287572
Св. Ѓорѓи, null, 444334967, 41.9172507, 22.4079464
Музеј на македонската борба, null, 1831127085, 41.9982848, 21.4329425
Св. Архангел Михаил, null, 7647593030, 41.4827921, 20.8673838
Преображение Христово, null, 2202224107, 41.6624994, 21.2200983
Св. Атанасиј, null, 4330972446, 41.2743142, 21.3682258
Св. Димитриј Солунски, null, 9688462032, 41.4732983, 21.2889776
Црква "Св. Јован Крстител", null, 2739342233, 41.7333058, 20.828356
Св. Спас, null, 8360889413, 41.2928185, 21.6345271
Св. Никола, null, 10251457188, 41.0402814, 21.0103378
Св. Константин и Елена, null, 2259837065, 41.2649846, 21.437548
Св. Никола, null, 9688462057, 41.4649919, 21.2877839
Св. Наум Охридски, null, 8174310163, 41.0896948, 20.9880968
Манастир Св. Архангели, null, 2008337647, 42.1322905, 21.4137215
Св. Атанасиј, null, 4092518169, 41.3035045, 21.470492
Св. Атанасиј, null, 7817898929, 41.3137744, 21.1466847
Manastir Svetka Petka, null, 3175764807, 42.0594793, 21.509645
Св. Атанасиј, null, 7668703132, 41.2828569, 21.0464002
Света Петка, null, 1855631088, 41.9857725, 21.4312278
Протестантска црква, null, 4278032525, 41.4165598, 22.7503572
Црква Св. Ѓорги, null, 1444796808, 41.2195542, 22.7060739
Пресвета Богородица, null, 2203439063, 41.030395, 21.3391579
Собор на Сите Македонски Светители, null, 8894674771, 41.0263727, 21.3139956
Св. Атанасиј Велики, null, 8894674767, 41.0265534, 21.313902
Нов Лешочки Манастир, null, 9080815363, 42.0660719, 21.0265836
Св. Пантелејмон, null, 3705174923, 41.9010303, 22.7303965
Мали Свети Врачи - Св. Кузман и Дамјан, null, 9897124627, 41.1135425, 20.7967334
Muslim mosque, null, 10049878740, 42.2235516, 21.700367
Св. Архангел Гаврил, null, 10176311931, 42.0068303, 21.5076713
Куќа на Робевци, null, 534925163, 41.112361, 20.7961416
Св. Петка, null, 3420045850, 41.3588735, 21.6269578
Sveti Spiridon, null, 11038699139, 42.1493837, 21.1306996
Св. Атанасиј, null, 9700774752, 41.4791052, 21.4101598
Манастир Св. Харалампие, null, 8195554118, 41.9866198, 22.4818406
Св. Спас, null, 10601636682, 42.0008855, 21.4356771
Црква Св. Варвара, null, 8631802053, 41.2471743, 20.5941604
Успение на Пресвета Богородица, null, 5360918270, 41.9626297, 22.7731511
Св. Петка, null, 9082140914, 42.0618783, 21.0174728
Успение на Пресвета Богородица, null, 7817932424, 41.2066003, 21.2451722
Св. Троица, null, 9633105802, 41.4632225, 21.4891619
Sv.Petka-Kuckovo, null, 1735110375, 42.0540808, 21.3135461
Xhamija e Deshmoreve Hasanbeg, null, 10176311940, 42.0148654, 21.5144095
Св. Архангел Михаил, null, 8346403071, 41.2408559, 21.8133608
Св. Никола, null, 8357172735, 41.1796264, 21.5957248
Dzamija Dolno Maalo, null, 2718749289, 41.6737698, 20.5907462
Sv. Petka-Kuckovo, null, 1734366828, 42.0555663, 21.3026299
Св. Константин и Елена, null, 4277877259, 41.4162429, 22.7545721
Алаџа-џамија, null, 559906976, 42.0046496, 21.4394979
Св. Ѓорѓија, null, 5601794412, 41.9389087, 21.6146788
Свети Спас, null, 8850780299, 41.0207827, 21.2865681
Св. Константин и Св. Елена, null, 7728117142, 41.2348788, 21.2509014
Св. Злата Мегленска, null, 10214914244, 41.0366705, 21.3521595
Св. Петка и Св. Недела, null, 8438961218, 42.159815, 21.1592022
Мустафа-пашина џамија, null, 1831108086, 42.0020559, 21.4352755
Св. 40. Севастиски маченици, null, 10214914228, 41.03999, 21.3352787
Црква Св. Ѓoрѓијa, null, 1810969277, 41.1175675, 20.813755
Св. Архангел Михаил, null, 1858002710, 42.0022077, 21.4570304
Sv. Krstovden-Kuckovo, null, 1734371364, 42.0517106, 21.3110252
Св. Ѓорѓи, null, 1862356492, 42.0120358, 21.4437044
Црвка Свети Никола, null, 2329319091, 41.3684197, 21.2489142
Св. Атанасиј, null, 3668940810, 41.0862188, 21.7189094
Museum Teracotta, null, 1272898175, 41.8841902, 22.5049622
Св. Илија, null, 7527468054, 41.3114056, 21.2693602
Св. Петар, null, 7817897452, 41.170636, 21.1062438
Св. Петар и Павле, null, 8354108495, 41.2081362, 21.8166951
Кешанли џамија, null, 6781572386, 41.1200128, 20.811041
Св. Атанасиј Велики, null, 9688462140, 41.4648106, 21.2938385
Sedlarevo Mosque, null, 10951472385, 41.8825844, 21.1272696
Св. Атанасиј, null, 3448229854, 41.4874316, 21.3607967
св. Тројица, null, 4498536257, 42.1028052, 21.3784397
св. Тројица, null, 4498536259, 42.1028549, 21.3780749
Крст, null, 4332828390, 41.9779014, 21.4642214
Свети Димитриј, null, 8850780300, 41.0224151, 21.2840092
Св. Димитриј Солунски, null, 8358934338, 41.257826, 21.6897203
Света Ана, null, 8850804720, 41.0274848, 21.1120413
Св. Петка, null, 6223594904, 41.3092751, 21.5149422
Св.Спас, null, 2546777587, 41.9350625, 21.5176547
Араста-џамија, null, 2992591830, 42.00191, 21.4370676
џа́мија, null, 4247632891, 41.8188966, 20.8872549
Св. Архангел Михаил, null, 11335541069, 41.3070686, 21.1873038
Св. Илија, null, 5349039199, 41.2707376, 21.4439853
Црква „Св. Недела“ - Теново, null, 3039868345, 41.8829405, 20.9917833
Црква "Свети Никола", null, 2737303422, 41.7580574, 20.8787335
Assumption of Mary, null, 6079524190, 42.021894, 22.5882451
Св. Троица, null, 4142994460, 41.3415981, 21.4368762
Долна, null, 9633105755, 41.4794733, 21.3178982
Баталоска, null, 9633105751, 41.4780702, 21.3282021
Свети Никола, null, 1708396500, 42.1374329, 21.7202523
Св. Петар и Павле, null, 9162112904, 41.5115602, 20.9633609
Рождество на Пресвета Богородица, null, 8294595910, 41.4380301, 21.7424234
Св. Богородица Балаклија - манастир, null, 3695321380, 41.9659677, 22.7595526
Св. Великомаченик Георгиј, null, 3617557760, 42.198478, 21.8283274
Св. Пантелејмон, null, 8894753909, 41.0208863, 21.324734
Manastir Sveti Ilija, null, 4059931649, 41.812649, 21.6647825
Св. Петка, null, 10106695772, 41.4429947, 22.0081586
Св. Јован Крстител, null, 4126731624, 41.9899539, 21.4746421
Св. Георгиј, null, 9633105721, 41.4789068, 21.3147331
Браиловски Манастир, null, 3414825546, 41.466849, 21.4629407
Св. Петка, null, 8354108503, 41.2061818, 21.8139313
Manastir Sv. Spas, null, 487144996, 41.445737, 21.9811109
Музеј на современата уметност, null, 370404760, 42.0043142, 21.4325172
Св. Илија, null, 3414825526, 41.4670724, 21.4622961
Евангелска Конгрешанска Црква, null, 5176266055, 41.9983971, 21.4148541
Манастир Св. 15 Маченици, null, 4817137480, 41.4300424, 22.6409328
Св. Димитрија, null, 1879222959, 41.8935746, 21.4021727
Xhamia Alikurtaj, null, 11158761745, 41.5761344, 20.9274062
Црква „Св. Апостоли Петар и Павле“, null, 9325417678, 41.964528, 21.4934686
Св. Никола, null, 4796827046, 41.3781754, 21.8058471
Св. Константин и Св. Елена, null, 10214913284, 41.0259886, 21.3320098
Св. Ана, null, 10214913292, 41.0387323, 21.323833
Sveti Nikola Bolnički, null, 9259515789, 41.1121587, 20.7974437
Св. Никола, null, 2159870599, 41.2588989, 21.4227476
Соборен храм Свети Климент Охридски, null, 1858800091, 41.9982824, 21.4264746
Џамија Центар Жировница, null, 2700244159, 41.6737826, 20.585904
Св. Кирил и Методиј, null, 10597135826, 41.2018449, 21.400401
Св. Архангел Гаврил, null, 10572815607, 41.0357986, 21.3025648
Dzamija, null, 4502488689, 41.9237954, 20.9163298
Св. Димитриј Солунски, null, 8181359639, 41.0370896, 21.7427573
Св. Харалампиј, null, 8358830679, 41.1774159, 21.825362
Меморијален музеј Народен херој Кузман Јосифоски-Питу, null, 10647622855, 41.3424673, 21.5597305
Eтнолошки музеј, null, 5699016423, 41.0240503, 21.0506131
Будинаречки Манастир, null, 8181359649, 41.0374743, 21.742411
Св. Георгиј, null, 3414884596, 41.5013024, 21.4518228
Св. Никола, null, 4140172421, 41.4076713, 21.3965792
Christijanski Zentar, null, 6830542387, 42.0013585, 21.4167475
Mosque, null, 6830542388, 41.976259, 20.9558771
Св. Илија, null, 3447208967, 41.5372247, 21.3725561
Света Недела, null, 7373522743, 41.7503884, 22.2211631
Св. Троица, null, 8294603426, 41.4382142, 21.7427842
Св. Георгиј, null, 8354375025, 41.2817077, 21.6699494
Св. Атанасиј, null, 3672030303, 41.8085051, 20.7881466
Св. Мина, null, 3672030302, 41.80247, 20.8071214
Goce Delchev Memorial House, null, 8582635870, 41.0268197, 21.3320703
Кадан Ана Џамија, null, 4423436040, 41.7379228, 22.1978173
Св. Архангел Михаил, null, 4432775526, 41.7381482, 22.1912421
Св. Петка, null, 8354375059, 41.2866582, 21.670613
Evangelic-Methodist Church, null, 1790461639, 41.3809777, 22.812212
Св. Димитриј, null, 4137787172, 40.9531028, 21.3559622
Никодински Манастир, null, 8294603434, 41.439082, 21.7432323
Sv. Dimitrija, null, 503526281, 41.744353, 20.6993512
Пештерна Црква "Св. Богородица" - Калишта, null, 2437862240, 41.1447305, 20.650194
Св. Архангел Михаил, null, 2074391613, 41.7639049, 20.8373423
Sv. Bogorodica, null, 7195572127, 41.9139555, 22.0132448
Св. Недела, null, 7504378142, 41.1977353, 21.6701079
Бигорски Манастир, null, 6448580245, 41.6207798, 20.6094915
Св. Георгиј, null, 5567277668, 41.1772891, 20.6742226
Dzamija, null, 4502469594, 41.9486426, 20.9285306
Старо Село, null, 7924913575, 40.961945, 21.3529929
Dzamija, null, 4502469593, 41.9446785, 20.9249127
Св. Параскева, null, 8358635003, 41.1384943, 21.7834457
Св. Спас, null, 8354840796, 41.1475541, 21.8235631
Св. Илија, null, 1804911443, 40.9131639, 21.179747
Св. Никола, null, 8357408842, 41.3274274, 21.7852008
Св. Атанасиј, null, 8354953333, 41.4216965, 21.7466622
Св. Јован Крстител, null, 10137637383, 41.7104259, 21.7627549
Св. Георгиј, null, 10313229000, 41.5311155, 20.9900667
Марков Манастир, null, 1879222983, 41.8935685, 21.4019815
Пресвето Срце Исусово, null, 9827090483, 41.0287839, 21.3360815
Св. Илија, null, 8357408894, 41.3228773, 21.7801235
Св. Георгиј, null, 7925028156, 40.9279095, 21.3400082
Crkva Sv.Tripun, null, 1475334320, 42.0608563, 21.3158452
Музеј на Македонија, null, 4346059294, 42.003194, 21.4363088
Рождение на Пресвета Богородица, null, 8357203529, 41.2328592, 21.5505658
Арабати баба-теќе, null, 4435580658, 42.0039593, 20.9570146
Св. Кузман и Дамјан, null, 5414407434, 41.3703657, 21.6531133
Xhamia e Re, null, 1871305390, 42.1266949, 21.7090092
Св.Илија, null, 4422066804, 41.735801, 22.1955583
Музеј на Битола, null, 10647549733, 41.0234533, 21.3359067
Orthodox church, null, 8842731717, 41.9005865, 21.6105665
Sveta Petka, null, 3499469386, 41.7959966, 20.9179313
Џамија Мустафа Челеби, null, 9440442659, 41.1782535, 20.6810013
Husein Shah, null, 2324417194, 42.0018102, 21.3310723
Св. Јован Крстител, null, 10186544448, 41.703538, 21.7911963
Св. Петка, null, 2023133071, 41.9997804, 21.8606921
Gurgurnica Mosque, null, 10951493047, 41.8435051, 21.1052173
Успение на Пресвета Богородица, null, 3447250641, 41.5358668, 21.3650184
Спомен-куќа на Татарчеви, null, 11291307339, 41.0884486, 21.0137165
Sveto Prepolovenie Rusa Sreda, null, 4743423825, 41.9168502, 21.4954059
Св. Талалеј, null, 2016287616, 41.3842763, 22.2918792
Св. Петка, null, 10186544420, 41.7008351, 21.791359
Св. Никола, null, 10186544436, 41.7001079, 21.7910066
Манастир Св. Богородица, null, 1932828083, 42.125697, 21.4277654
Св. Петка, null, 8561951595, 41.9810723, 21.4689785
Xhamia në dalje të Çegranit, null, 2918282895, 41.845571, 20.9785624
Church, null, 6830542487, 41.3236049, 20.7929425
Црква „Преображение“, null, 11228929619, 41.9148299, 22.4254414
Успение на Пресвета Богородица, null, 10674403113, 41.1968715, 22.534105
Св. Илија, null, 3447148641, 41.5626389, 21.4065907
Манастир Св.Илија Петти Кладенци, null, 9357425538, 42.056071, 21.9893252
Св. Димитриј Солунски, null, 8174251202, 40.9328698, 21.1191269
Св. Недела, null, 3447148651, 41.5684221, 21.4085531
cami, null, 6499470885, 41.5263923, 20.5259249
Зејнел Абидин-пашина џамија, null, 3011066257, 41.116488, 20.800119
Св. Спас, null, 2766929105, 41.7069248, 21.789099
Манастир Св. Никола, null, 3650611402, 41.7004213, 21.0333308
Св. Илија, null, 2162624307, 41.3416812, 21.3996227
Света Богородица, null, 2289102267, 40.910244, 20.7452763
Св. Никола, null, 9688797495, 41.4512275, 21.3222944
Црква „Св. Григориј Палама и Димитриј“, null, 2554221731, 41.4369344, 22.6440058
Саат Џамија;Bey Mahala, null, 2026118728, 41.7951304, 20.9109599
Манастир Св. 40 Маченици, null, 1475324917, 42.0609829, 21.3489729
Sveti Nikola, null, 10951320762, 41.8848347, 21.278329
св. Софија аеродром, null, 4805712361, 41.9809066, 21.4735645
Бигорски Манастир, null, 2365476703, 41.6216704, 20.6089946
Св. Софија, null, 2051146441, 41.1122375, 20.7939374
Музеј на Илинденското востание и Крушевската Република, null, 2330742586, 41.3691154, 21.2452388
Св. Никола, null, 9612776187, 41.3935703, 21.3736408
Св. Атанасиј Велики, null, 3334815392, 41.3664227, 21.3164435
Остречка Џамија, null, 2289562983, 40.9295187, 21.2994692
Стара Џамија, null, 9688797424, 41.4438692, 21.3160359
Св. Димитриј Солунски, null, 8346372434, 41.2827053, 21.79875
Музеј на Град Скопје, null, 1866027751, 41.9912181, 21.4288883
Нова Џамија, null, 9688797407, 41.4415036, 21.3150809
Мариовски Манастир, null, 8357322066, 41.1641326, 21.7260077
Св. Никола, null, 8358869000, 41.3931514, 21.563954
Dzamija Gorno Maalo, null, 2718750451, 41.6760709, 20.5838882
Св. Петка, null, 10245249302, 40.9051605, 21.1681105
Св. Недела, null, 7559613866, 41.4841843, 20.9233197
Пресвета Богородица, null, 9632237347, 41.4172438, 21.5332994
Манастир Св. Архангели, null, 2008402817, 42.1322923, 21.4137098
Св. Троица, null, 6610723419, 41.764959, 22.1992659
Св. Кирил и Методиј,, null, 6610723418, 41.7584182, 22.2049297
Света Троица, null, 3734267348, 42.029614, 21.3784496
Нова Џамија, null, 9686735406, 41.4216058, 21.2815516
Св. Архангел Михаил, null, 8438933714, 42.1583605, 21.1553135
Св. Петка, null, 8358854889, 41.1832341, 21.8252456
Св. Атанасиј, null, 9686591105, 41.4619223, 21.3755373
Св. Георгиј, null, 4141327517, 41.4018546, 21.4307261
Св. Атанасиј, null, 8358854868, 41.180544, 21.8260725
Меморијален центар на холокаустот на Евреите од Македонија, null, 1831180534, 41.9984101, 21.4331205
Св. Спас, null, 8438933701, 42.1568393, 21.1567104
Св. Илија, null, 8438933705, 42.1624234, 21.1576515
Св. Георгиј, null, 4401244394, 41.3406569, 21.6898689
Св. Архангел Михаил, null, 9686591113, 41.453517, 21.3690806
Манастир Св. Андреј, null, 1831180502, 41.9505936, 21.2991931
Св. Константин и Елена, null, 3644424027, 42.1326747, 21.1224542
Св. Пантелејмон, null, 4151276526, 41.1364492, 21.8069048
Св. Ѓорѓи, null, 6775798435, 41.5363785, 20.6936768
Св. Георгиј, null, 7528220566, 41.3288467, 21.2353038
Пресвета Богородица, null, 8617425686, 41.4656453, 21.398952
Св. Спас, null, 8438933697, 42.1577882, 21.1616835
Црква "Свети Ѓорѓија", null, 2723309844, 41.7920402, 20.8779475
Дуњски Манастир I, null, 7508603211, 41.2471705, 21.6683015
Св. Спас, null, 4176386406, 41.7348212, 22.1847779
Црква св. Jован, null, 6690599185, 42.2903563, 22.0423694
Свети Атанас, null, 8850712742, 41.0264228, 21.2413843
Манастир Св. Петка, null, 1992453275, 41.7896247, 22.3272927
Свети Климент, null, 8828210801, 41.1126207, 20.7968158
Св. Атанасиј Велики, null, 9686833873, 41.4319606, 21.4924065
Св. Никола, null, 9686833894, 41.5181424, 21.3495658
Св. Кирил и Методиј, null, 10112294685, 41.1390586, 22.504418
Црква „Св. Апостоли Петар и Павле“, null, 2887575436, 41.9644772, 21.4936632
Св. Димитриј Солунски, null, 8358760819, 41.2708276, 21.7635642
Dzamija, null, 4502468090, 41.9670617, 20.9340638
Хаџимуратова џамија, null, 10316954617, 41.0928688, 21.0112492
Св. Василиј Велики, null, 8197273261, 41.3464545, 21.2741432
Св. Никола, null, 5594845125, 41.0460429, 21.0064644
Хаџирамаданова џамија, null, 10316954623, 41.0900478, 21.0114654
St Nicholas Church, null, 6631161986, 41.2395882, 20.5896518
Манастир Св. Недела, null, 5833960776, 41.2178305, 20.6941689
Успение на Пресвета Богородица, null, 2329442797, 41.3697596, 21.2462787
Црква "Св. Богородица", null, 2739346078, 41.7045076, 20.8443823
Рождество на Пресвета Богородица, null, 4092330734, 41.3053504, 21.4576043
Црква "Св. Никола", null, 2739346070, 41.7218639, 20.8446443
Св. Георгиј, null, 8298353431, 41.2418279, 21.4841044
Св. Спас, null, 7950390467, 41.2101316, 20.5873191
Св. Петка, null, 2267161082, 41.3650976, 21.2415612
Црква „Свети Спас“, null, 5469827562, 41.1817025, 20.7932588
Мурат-пашина џамија, null, 4405830438, 42.0008854, 21.4374271
Св. Никола Чудотворец, null, 5918027599, 41.1130472, 20.7957989
Св. Никола, null, 4702030290, 42.0126379, 20.9626181
Manastir Sveta Bogorodica, null, 2026807108, 41.8289199, 21.6864385
Св. Атанасиј, null, 8294593826, 41.4428518, 21.7304371
Џамија во Радиовце, null, 3037035561, 41.9076687, 20.9650556
Св. Петар, null, 8420394199, 40.9307272, 21.7860107
Св. Јован Крстител, null, 3696697853, 41.9677292, 22.8075895
Св. Наум Охридски, null, 10214913302, 41.028439, 21.3388996
Св. Архангел Михаил, null, 8360908810, 41.2047388, 21.4574161
Манастир Раѓање на Пресвета Богородица, null, 1969493580, 41.6265106, 21.1940593
Црква "Пресвета Богородица", null, 2532461700, 41.7932548, 20.9108785
Северен Пештански Манастир, null, 8354375151, 41.2869809, 21.6709565
џа́мија, null, 4247660589, 41.8670645, 20.8920472
Црква Св. Кузман и Дамјан - Триангла, null, 2365729836, 41.9988564, 21.4923594
Св. Богородица, null, 8894398637, 42.2088736, 22.3623289
Дренски Манастир, null, 8357408906, 41.3227806, 21.7798688
Hayati Baba Teqe, null, 2026906941, 41.513223, 20.9609726
Кокренски Манастир, null, 8360908729, 41.2923395, 21.6346572
Св. Благовештение, null, 4740296779, 41.3433247, 21.557818
Sveti Erazmo Monatery, null, 5739839337, 41.142265, 20.7613478
Sveta Ekaterina Church, null, 5739839340, 41.1442385, 20.761321
Св. Георгиј, null, 8631802560, 41.252058, 20.6355416
Ѓуришки Манастир, null, 1910070088, 41.9032815, 21.8375135
Католичка црква, null, 2670727638, 41.4350382, 22.6401158
Mémorial de Bitola, null, 9656080539, 41.0410392, 21.3585444
Св. Атанасиј Велики, null, 9656080545, 41.1574303, 21.3564731
Св. Димитриј, null, 4176386389, 41.734396, 22.1810904
Музеј на Дојран, null, 1853704787, 41.1871817, 22.7221034
Св. Петка, null, 7575512083, 41.5512138, 21.4402185
Св. Богородица, null, 4176386393, 41.7361386, 22.1818877
Sv. Spas-Kuckovo, null, 1734405545, 42.0592027, 21.3083108
Sv.Atanasij, null, 373445223, 41.9776359, 21.0098228
Пресв. Богородица, null, 2198359664, 41.3354538, 21.3291938
Св. Теодор Тирон, null, 2198359660, 41.3358897, 21.335902
Св. Никола, null, 4401261525, 41.3356073, 21.7045514
џа́мија, null, 4247632191, 41.8581015, 20.8897368
Св. Петка, null, 7659308954, 41.3482047, 21.5382982
City Museum, null, 2578029313, 42.2020133, 22.3348959
Ss. Cyril and Methodius – Црква Св.Кирил и Методиј, null, 4551996521, 41.7031608, 20.7595909
Евангелска црква Струга, null, 10203858685, 41.1757351, 20.6757298
Успение на Пресвета Богородица, null, 6285658710, 41.711557, 21.7886293
Џамија Никиштане, null, 1734566388, 42.0660807, 21.3357012
Св. Архангел Миахил, null, 5863673148, 41.2919637, 21.625248
Haci Balaban 1440, null, 6814236608, 42.0049027, 21.4368729
Saint Joachim Osogovski, null, 9241913498, 42.2089207, 22.3621503
Свети Атанасиј, null, 2289228639, 40.911393, 20.7492303
Mosque, null, 6814236614, 42.0038278, 21.4375316
Св. Николај, null, 2198387142, 41.3336525, 21.3312995
Св. Богородица, null, 1964069865, 41.7882229, 21.9410619
Крушевички Манастир, null, 7504362964, 41.1979307, 21.6701298
Св. Троица, null, 10093097406, 41.3666825, 21.7401344
Св. Ѓорѓи, null, 10316933105, 41.0897686, 21.008709
Света Великомаченичка Недела, null, 6505444271, 41.0623366, 20.8017484
Спомен Костурница, null, 1634988564, 41.7232436, 21.7892333
Пресвета Богородица, null, 3759522659, 41.5137243, 21.2140244
Св. Никола, null, 3414893055, 41.5026578, 21.4649483
Св. Петка, null, 8301125878, 41.1586164, 21.6863151
Спомен куќа на Мајка Тереза, null, 1866191465, 41.9939282, 21.4307694
Свети Тројца Архиереи, null, 5405804948, 41.0881175, 20.8227937
Св. Илија, null, 8174320539, 41.0111869, 21.0809995
Св. Петар и Павле, null, 7508571776, 41.2474392, 21.6693924
Стар Лешочки Манастир, null, 9080921332, 42.0705303, 21.0272818
Св. Атанасиј, null, 9080921328, 42.0702408, 21.0272044
Св. Никола, null, 7673128783, 41.2446025, 21.1964055
Свети Пантелејмон, null, 6274218923, 41.715156, 21.7874159
Св. Атанасиј, null, 373488475, 42.0192462, 20.9598834
Еврејска заедница во Република Македонија, null, 3613029523, 41.9977235, 21.4197481
Манастир Свети Ѓорѓи - Кнежино, null, 7647531392, 41.5163053, 20.9213457
Безистен Штип, null, 4407095173, 41.7375614, 22.1924737
Локовски Манастир, null, 8414792672, 41.3884726, 20.6571438
Св. Ѓорѓи, null, 5931017315, 41.5578401, 22.2870123
Манастир Добра Вода, null, 1947624343, 41.9381449, 22.4591283
Museum Strumica, null, 9241877277, 41.4354106, 22.6364291
Museum of illusions, null, 6987611917, 41.9962134, 21.4291373
Св. Илија, null, 8003903133, 41.2928281, 20.9804208
Св. Петка, null, 8913095085, 41.0171332, 21.2839588
Св. Атанасиј Велики, null, 10834112603, 41.4708932, 20.8897693
Св. Никола, null, 4422047250, 41.1100998, 21.0214473
Света Троица, null, 10751842709, 41.0254845, 21.3414347
Света Троица, null, 3331560242, 41.3944616, 21.3264901
Св. Пантелејмон, null, 6273808526, 41.7066918, 21.7817735
Св. Никола, null, 5551410942, 41.175254, 20.6775515
Музеј на град Берово, null, 478699817, 41.7077548, 22.8566138
Свети Илија, null, 2289305207, 40.8783463, 21.3579069
Св. Атанасиј, null, 8177389942, 41.0168305, 21.5372206
Св. Спас, null, 11177495437, 42.0125107, 22.5987112
Св. Спас, null, 8354227610, 41.2301032, 21.4302037
Св. Никола, null, 5009016245, 41.284169, 21.3384909
Св. Спас, null, 9633301380, 41.4274048, 21.4537751
Св. Јован Крстител, null, 9609304486, 41.4140073, 21.412123
Св. Богородица Каменска, null, 5918041657, 41.1163477, 20.7991757
Св.Петка, null, 568027812, 41.1814338, 20.6777233
Св. Никола, null, 9689688847, 41.449463, 21.5602428
Св. Архангел Михаил, null, 7501006568, 41.5468492, 21.2500015
Музеј, null, 10655733688, 41.3429261, 21.5591038
Ајдар-пашина џамија, null, 5887870592, 41.1178805, 20.7921004
Св. Георгиј, null, 1868731998, 42.0121418, 21.4241995
Св. Атанасиј, null, 2820315225, 41.3804097, 21.4116411
Леарница, null, 8330162406, 41.3722171, 21.246667
Спомен-дом Блаже Конески, null, 9689688823, 41.4493541, 21.5583418
Музеј Штип, null, 4425404340, 41.736621, 22.1894327
Св. Никола, null, 8354264604, 41.4013471, 21.7413142
Св. Кирил и Методиј, null, 8355488086, 41.3466633, 21.5491294
Бешишки Манастир, null, 8418563739, 41.1171533, 21.8048629
Св. Спас, null, 2081247938, 41.261401, 21.4867188
Св. Јован, null, 7817839812, 41.2263101, 21.1516908
Св. Тодор, null, 7893026012, 41.2213216, 21.3292307
Стара џамија во Теново, null, 3039789758, 41.8950423, 20.9842482
Успение на Пресвета Богородица, null, 10042259740, 41.0451354, 21.4386362
Св. Јоаким Осоговски, null, 1921568141, 42.208686, 22.3621875
Св. Атанасиј Велики, null, 7575698670, 41.4732835, 21.5445277
Св. Јован, null, 8358684382, 41.2276483, 21.5950165
Св. Јован Богослов, null, 8358684386, 41.2264999, 21.597495
Манастир Св. Јоаким Осоговски, null, 1921568104, 42.2091103, 22.3613619
Алипашина џамија, null, 3100114436, 41.1156133, 20.8005311
Св. Петка, null, 3696762223, 42.0238942, 22.7229364
Xhamia e Gjurgjevishtit, null, 9929491316, 41.8946065, 20.8622113
Полчишки Манастир, null, 4151276489, 41.1367304, 21.8046449
Манастир Св. Никола, null, 1932883269, 42.1100617, 21.4694062
Манастир Св. Архангел Михаил, null, 2222549059, 40.9700239, 21.6423476
Нова Џамија, null, 4702026861, 42.0002524, 20.958127
Природонаучен Музеј, null, 172348137, 42.005709, 21.4174425
Магаза, null, 456998883, 41.0299956, 21.3350427
Св. Петка, null, 1879405582, 42.1702918, 21.8109533
Sveti Spas, null, 6020682284, 42.0854161, 21.4890684
Стара Џа